channel,band,n_day,n_night,t_stat,p_value,effect_g,power,mean_day,mean_night,q_value,significant_fdr
0,delta,17,14,-1.4742184953613569,0.16391980642698756,-0.5422869233440278,0.30639865413034195,0.8201832109974346,9.592252258176517,0.7733781459740232,False
0,theta,17,14,-1.5469179778099076,0.14530425652060533,-0.5686851715881622,0.33155284154241305,0.361167987610997,2.501820940430558,0.7733781459740232,False
0,alpha,17,14,-1.203953615746371,0.24639646141299282,-0.4387187815458762,0.21726811109596797,0.2032639876975699,0.41831312648648405,0.8027148725641158,False
0,beta,17,14,0.4248891666937715,0.6742061152841217,0.14636995747756962,0.06780977167085397,0.15442173064625303,0.13761944981051075,0.877582340142555,False
0,gamma,17,14,1.4638073255939619,0.15578999989566056,0.49989276460057364,0.26793838630671885,0.1775600517776873,0.0967632579795236,0.7733781459740232,False
1,delta,17,14,-0.7289448479458739,0.4786375878040996,-0.26795678480324153,0.11085011048163168,0.3168447388959073,0.4892926415548821,0.8281356142478539,False
1,theta,17,14,0.047741633205876245,0.9625316559560617,0.017410907507751625,0.050249502619995154,0.24330168372237115,0.23962356864723083,0.9855584198477346,False
1,alpha,17,14,2.0323220093656746,0.05319968805575658,0.693037822410623,0.4589009419257099,0.20730563691818654,0.14003684138617717,0.7733781459740232,False
1,beta,17,14,1.6260865439361953,0.11911933976945858,0.5495922553531056,0.3132731268761708,0.13993674654175095,0.09044254088635428,0.7733781459740232,False
1,gamma,17,14,2.7338823936443126,0.01375128092736701,0.9175082172027228,0.6905501989783152,0.07475661591647806,0.03784667731186166,0.721942248686768,False
2,delta,17,14,-0.7485678363842637,0.4650035174737317,-0.2725777254820016,0.11301767843353633,0.320289856839406,0.47109105322565104,0.8281356142478539,False
2,theta,17,14,-0.4589527030658468,0.6527071666409168,-0.16747424700390776,0.07338313991704597,0.18911577536678154,0.21815069950369387,0.8750122322373034,False
2,alpha,17,14,1.1619819444869242,0.2547661096319818,0.4031018670366874,0.19067256271673463,0.1428471559557416,0.11966581785006161,0.8027148725641158,False
2,beta,17,14,1.172391063737994,0.2531563992881917,0.39831211911439335,0.18726762073328476,0.12232874189547539,0.08940333347407124,0.8027148725641158,False
2,gamma,17,14,2.366341728689843,0.029495608786541023,0.7943283986575799,0.5666334337773641,0.14926536873286192,0.054556503009632336,0.7733781459740232,False
3,delta,17,14,-0.30716014623789784,0.7616982259789372,-0.11011137357182534,0.06003641242589913,2.5582909417173068,3.405943965474657,0.9254560790776497,False
3,theta,17,14,-0.4389616739817161,0.6659807057344482,-0.15894368087473296,0.07103646001113287,0.9332403992229765,1.377721911243135,0.877582340142555,False
3,alpha,17,14,-0.12535591011449246,0.9015051669212842,-0.04512563690251496,0.05167746337637957,0.3270011017744283,0.3493437272925283,0.9784348108695387,False
3,beta,17,14,0.4808326104242494,0.6350790801870385,0.1636547786085477,0.07231663517563505,0.13339947148574363,0.12125247828129285,0.8749562550485162,False
3,gamma,17,14,1.3533728575209865,0.190472855020699,0.4576032300744879,0.23225834537420195,0.08156683895908244,0.06172590683249317,0.8027148725641158,False
4,delta,17,14,-0.2672925954833595,0.7916628909661274,-0.09548588899148513,0.05753661900542688,0.6985127017674517,0.7603652100733838,0.9410332477521892,False
4,theta,17,14,0.36617147204475237,0.7173445180214435,0.13004677164945455,0.06403048981083097,0.381589714134972,0.35484083500997515,0.9132103448073186,False
4,alpha,17,14,1.0290653826728466,0.31307814581967053,0.3521460841636653,0.15659269620769628,0.2280633966254726,0.19193240422712607,0.8184733809152529,False
4,beta,17,14,0.4660401129455907,0.6459881831181973,0.15765275228471531,0.07069245947488782,0.13361889528420637,0.12113565203564265,0.8750122322373034,False
4,gamma,17,14,1.5808630073309664,0.12721691213854217,0.5381790952840689,0.30256349661281695,0.07472379925488626,0.05659657432630677,0.7733781459740232,False
5,delta,17,14,-0.40620982444265546,0.6893285842255292,-0.14690341479925145,0.06794107143326347,0.39019491237627474,0.4696453442926079,0.8935740906627231,False
5,theta,17,14,0.0764057635334755,0.9399139879245404,0.027601857280358195,0.05062720318396578,0.21526241858979867,0.21101801873040354,0.9855584198477346,False
5,alpha,17,14,1.3540394208453805,0.18755806902255287,0.4633627994805586,0.23694893175743723,0.1391904788231148,0.1115153172050566,0.8027148725641158,False
5,beta,17,14,0.7033337101005029,0.48870848329207495,0.239477538410268,0.09836379624261818,0.10381864182573981,0.09077365733215605,0.8281356142478539,False
5,gamma,17,14,1.8592598432878382,0.07421166886174711,0.637558189979165,0.4006806327181417,0.08615501657304653,0.06154673359177163,0.7733781459740232,False
6,delta,17,14,-0.6583997312694719,0.5211680497230087,-0.24165358386253652,0.09926508363174293,0.26570812852511416,0.365411253021328,0.8281356142478539,False
6,theta,17,14,-0.012434285434070543,0.9902289387896772,-0.004521034632049382,0.05001682079860442,0.19583694542472396,0.19649008092136497,0.9970476059181499,False
6,alpha,17,14,1.189493449406235,0.2447226017311157,0.40837117688538094,0.19446596000318425,0.16141125527781247,0.12702673929149894,0.8027148725641158,False
6,beta,17,14,1.0328169005073506,0.3130817758679986,0.34995369607099935,0.15523370647679396,0.11228745807157449,0.08491182983949548,0.8184733809152529,False
6,gamma,17,14,1.7413000888572967,0.09228195623519742,0.6081529016139068,0.37062700793822084,0.057670673153021206,0.04201572677007272,0.7733781459740232,False
7,delta,17,14,-0.844871080728442,0.4130610478669069,-0.31055129806610243,0.13233770242019352,0.16732067876294016,0.3023754856474394,0.8281356142478539,False
7,theta,17,14,-0.30823322703641143,0.7622686045365024,-0.1127790411679034,0.06053153111243097,0.11475634146155397,0.12846144980507102,0.9254560790776497,False
7,alpha,17,14,1.1036134809152889,0.27891673040745574,0.38243244643217245,0.17627587180601043,0.09476848646632335,0.07545953435388221,0.8184733809152529,False
7,beta,17,14,0.6405732772403343,0.5273297367162686,0.21969662402435738,0.09056831404399723,0.08471864001750014,0.071197839019053,0.8281356142478539,False
7,gamma,17,14,1.379672835460483,0.17842231230694502,0.4772198745129209,0.24845589766782586,0.04325301623590102,0.032651228949523776,0.8027148725641158,False
8,delta,17,14,0.1685746860928896,0.8675960238257208,0.06014102193753761,0.05298185156838407,0.4009975270184701,0.38446243541804587,0.9784348108695387,False
8,theta,17,14,1.101804676748053,0.2799176026630339,0.3869841471642685,0.17937966843001102,0.2541020077963348,0.20994177573081346,0.8184733809152529,False
8,alpha,17,14,1.5303409080359123,0.13781864168715546,0.5249566474318325,0.29037216253486064,0.17197306496753534,0.1305953377724294,0.7733781459740232,False
8,beta,17,14,1.5247452775265975,0.14196451154170447,0.5163104901499744,0.28253092382237227,0.14703622809537145,0.10594119140990592,0.7733781459740232,False
8,gamma,17,14,2.8199653346654308,0.01085298759942817,0.9498892943317914,0.7204058073499355,0.18700364600198163,0.07367448240118159,0.7201674970470867,False
9,delta,17,14,-0.9865739613012939,0.3418573135202424,-0.3631608771724386,0.16355535636746035,0.4454463622297132,9.14709158127511,0.8184733809152529,False
9,theta,17,14,-0.9744326493430712,0.3476225399143432,-0.3586894169385543,0.16070175300614312,0.3033599290194063,3.7581987236392993,0.8184733809152529,False
9,alpha,17,14,-0.8931457768418875,0.3879480535206654,-0.3286978102350761,0.1425220476120204,0.22880036845450266,0.7834573399861168,0.8281356142478539,False
9,beta,17,14,0.8956099816452757,0.37786027646641773,0.3108977124667954,0.13252635273731553,0.1894443234090764,0.15021127651102353,0.8281356142478539,False
9,gamma,17,14,2.141980428266965,0.04748460082647116,0.7163980345086729,0.4837643962641598,0.1937230155913766,0.06822592061073995,0.7733781459740232,False
10,delta,17,14,-0.6745997131270802,0.511005443526489,-0.24745212171824735,0.10170926356123493,0.20477190012278776,0.2997832584357056,0.8281356142478539,False
10,theta,17,14,0.14121273194233697,0.8893012020486768,0.05114988107018757,0.052155857247635246,0.14820380293295227,0.14216700280810657,0.9784348108695387,False
10,alpha,17,14,1.8371776885779916,0.07930356226159625,0.6240716440720985,0.38681005070127017,0.12869795092602423,0.08829673068368284,0.7733781459740232,False
10,beta,17,14,1.640368839552274,0.1173347264845477,0.5523149005699978,0.3158525522394637,0.13344920794246243,0.08366812321363823,0.7733781459740232,False
10,gamma,17,14,2.2020467162821364,0.037786747828422375,0.7492246683958901,0.5187920096395827,0.07514007567064361,0.04722941391239662,0.7733781459740232,False
11,delta,17,14,-0.723215579608024,0.4819668449245964,-0.2657713525251995,0.10983879120216498,0.20083464265364992,0.31309366941981703,0.8281356142478539,False
11,theta,17,14,-0.2108196206186127,0.8357374590172029,-0.07682999462002227,0.054871803379779996,0.1356085759413796,0.14436121966304838,0.9633498665146097,False
11,alpha,17,14,0.4524905492954051,0.6545053479125098,0.15948567553127166,0.07118175816825831,0.11465630272603064,0.10407066482714189,0.8750122322373034,False
11,beta,17,14,0.5064937549223946,0.6171615425568399,0.17253022909216578,0.07483444083058075,0.09364727254916456,0.08271044921951362,0.8749562550485162,False
11,gamma,17,14,0.21207599377359684,0.8335312999979068,0.07383587860141543,0.054498503482796334,0.03879993108041818,0.03752652804170177,0.9633498665146097,False
12,delta,17,14,-0.6721020585368082,0.5128952224582123,-0.2469499177517237,0.10149512844468346,0.25741484874133613,0.3645388356471539,0.8281356142478539,False
12,theta,17,14,-0.1220186316734841,0.904381835542118,-0.044391917185772296,0.05162330471525996,0.1660808550783448,0.17138823574541648,0.9784348108695387,False
12,alpha,17,14,0.04210602099226854,0.9667858785173016,0.015048307589380095,0.05018637642619839,0.14150353155754797,0.13983178604168423,0.9855584198477346,False
12,beta,17,14,0.10470555812926102,0.9173389184232674,0.03625918049635969,0.051082647353684965,0.11143229718980309,0.10847811344284976,0.9795313874689127,False
12,gamma,17,14,0.6866510144884543,0.49777557352998336,0.23835871092943975,0.097903777670848,0.040716666151524514,0.036969352929379015,0.8281356142478539,False
13,delta,17,14,-0.6689879601130114,0.5148136001936094,-0.2458000058399348,0.10100656607921984,0.21605980903800145,0.30766903026166004,0.8281356142478539,False
13,theta,17,14,0.05290520253436693,0.9584734861799357,0.019279482535546396,0.05030594115651062,0.14642902018825918,0.14441180657294428,0.9855584198477346,False
13,alpha,17,14,0.926753535704521,0.36193891679816914,0.3253472956365939,0.1405952862752687,0.1369968005020925,0.11086837007380078,0.8281356142478539,False
13,beta,17,14,0.9681012721433178,0.3435900793253499,0.3281684355735902,0.14221622740716794,0.13923396730836962,0.10478446185336789,0.8184733809152529,False
13,gamma,17,14,0.8523078181583198,0.4010491458750767,0.29748270904723345,0.12538477830948047,0.04738331392004335,0.04253157901025944,0.8281356142478539,False
14,delta,17,14,-0.6780953772438125,0.5089152058590589,-0.248808583816297,0.10228996908904739,0.2667405918828288,0.3689457891524816,0.8281356142478539,False
14,theta,17,14,-0.12057495217123748,0.9055329250087831,-0.043906525299457384,0.05158796590752116,0.18820214816554873,0.19428537495551929,0.9784348108695387,False
14,alpha,17,14,1.3277302193995346,0.19488088817119467,0.4587414652019355,0.23318097723085499,0.16797466673827977,0.1328215650890635,0.8027148725641158,False
14,beta,17,14,1.1719596071524812,0.25414517500202893,0.39676934259914204,0.18617968658256284,0.14366366760814048,0.11378295695095908,0.8027148725641158,False
14,gamma,17,14,1.491586135402998,0.15439881127592145,0.49927935000189955,0.2674009009222054,0.08602292247489793,0.04925525418102281,0.7733781459740232,False
15,delta,17,14,-0.28601201498552375,0.7788530739073923,-0.10458876933232159,0.05904987519826371,0.38555595893619227,0.42736239595491937,0.93757210707721,False
15,theta,17,14,0.6941018931788873,0.49577060449734667,0.2500207384964634,0.10281176579882327,0.24987519437510386,0.21977414661225927,0.8281356142478539,False
15,alpha,17,14,1.5363009555309504,0.13584294018087012,0.529179230155781,0.2942395948272873,0.19790386231452167,0.15088235999947866,0.7733781459740232,False
15,beta,17,14,0.48239497854681834,0.6331670506347657,0.16732356297245804,0.07334057821757567,0.1805311622651549,0.16051419487887794,0.8749562550485162,False
15,gamma,17,14,2.852517193979249,0.008478596602930873,0.9759784693471326,0.7433947735256116,0.08541767329308539,0.0572873761010436,0.7201674970470867,False
16,delta,17,14,0.33089213240115434,0.7441071222445172,0.11893504210220016,0.06172038869393579,0.5269183384702661,0.46659131174017743,0.9254560790776497,False
16,theta,17,14,1.2751638216979284,0.21411586033174718,0.43531543328089534,0.21463105627933013,0.3434279136519633,0.23057268443424922,0.8027148725641158,False
16,alpha,17,14,1.5401231927469434,0.14124804138515643,0.5167629780276334,0.28293866101550386,0.26826198414873637,0.14638704396955177,0.7733781459740232,False
16,beta,17,14,1.2043713470581228,0.24369642810258021,0.40487421617682684,0.19194293700524692,0.2299448932031219,0.13716232512430332,0.8027148725641158,False
16,gamma,17,14,1.3291644270504057,0.20222865309524915,0.44423062588566026,0.22158099440399107,0.1324967937084727,0.048775626467764795,0.8027148725641158,False
17,delta,17,14,-0.2622205535030297,0.7967745942839806,-0.09587544117876266,0.05759850784158603,0.4092632814824453,0.4496806615642385,0.9435488616520823,False
17,theta,17,14,0.605119978122009,0.5520904094985692,0.2180421651584029,0.08994863326507949,0.2594882586586936,0.232156911421513,0.8281356142478539,False
17,alpha,17,14,1.3853257665289558,0.1787998002118412,0.4718408565206871,0.24395230251110536,0.21869331185239202,0.16013862490717928,0.8027148725641158,False
17,beta,17,14,0.7641132216301322,0.4522914591480659,0.26029287082574615,0.10734253256894107,0.21139225039547588,0.16598645968015266,0.8281356142478539,False
17,gamma,17,14,1.8701178281439177,0.07194084107847995,0.6453290088199762,0.4087323235203825,0.07825835720921936,0.05917337462172512,0.7733781459740232,False
18,delta,17,14,-0.7713142549738959,0.4539687182684128,-0.2835347861540194,0.11831613753918314,0.20981936888698408,0.31475013387985085,0.8281356142478539,False
18,theta,17,14,-0.32953058023738396,0.7463310530756639,-0.12041352430158005,0.06201555648034835,0.13479093936324701,0.14724175124571567,0.9254560790776497,False
18,alpha,17,14,0.4820760214462944,0.6333739437048976,0.1680603963375586,0.07354908202484027,0.1268967510083843,0.11229180812207085,0.8749562550485162,False
18,beta,17,14,0.6371565849375161,0.5306265628623017,0.21601434072974424,0.08919588591339767,0.13870833283066691,0.11126525735530357,0.8281356142478539,False
18,gamma,17,14,-0.06102740099355476,0.9517592224925668,-0.021332803825406005,0.05037459425206173,0.03686082136464522,0.03720374610466841,0.9855584198477346,False
19,delta,17,14,-0.8728353115851417,0.3984289937306391,-0.3211175282963872,0.1381928714533886,0.27300901412821027,0.6433512316834695,0.8281356142478539,False
19,theta,17,14,-0.7084888805955786,0.49084159585388853,-0.26044299633053497,0.1074101958004292,0.19292761653117577,0.3133608499064942,0.8281356142478539,False
19,alpha,17,14,0.030387309106182966,0.9760756334630484,0.010964676088678925,0.050098942805845925,0.19012139092261324,0.18817687928380197,0.9918187888414847,False
19,beta,17,14,0.4868460065684618,0.6305916226447624,0.16637641625337132,0.0730739657825221,0.17952608561520714,0.15749546148213087,0.8749562550485162,False
19,gamma,17,14,0.8552899800570484,0.4027943503696437,0.2882714745941731,0.12067590717285136,0.08776477546907878,0.05987758150248984,0.8281356142478539,False
20,delta,17,14,-0.9257152309005666,0.37142143871722777,-0.34071706683958164,0.14960642335093452,0.39419070915032034,1.8121324768974822,0.8281356142478539,False
20,theta,17,14,-0.8915584322432607,0.38878080150836336,-0.32812821010773535,0.14219301053117436,0.26594697233139025,0.9095000154208002,0.8281356142478539,False
20,alpha,17,14,-0.7073021020810824,0.49135011663770256,-0.2597682791787716,0.10710642099448295,0.20585136536116921,0.3395773878247227,0.8281356142478539,False
20,beta,17,14,0.2782459846464107,0.7827982989247817,0.09678953753895746,0.05774473820462216,0.14983958064059094,0.14109664101451427,0.93757210707721,False
20,gamma,17,14,2.3950223774509274,0.02418317814423099,0.8200174790944899,0.5934968294525871,0.10922793929883325,0.06793017915711888,0.7733781459740232,False
21,delta,17,14,-0.6242500514954011,0.5425376820629093,-0.22892746685018525,0.0941171682880358,0.18015674303786458,0.2603586403900083,0.8281356142478539,False
21,theta,17,14,0.07745658543032509,0.9392534718398309,0.028251388287790776,0.05065708125380691,0.12193826006745562,0.11889460425123508,0.9855584198477346,False
21,alpha,17,14,1.6709508996830034,0.10677124278702768,0.5723100766005861,0.3350721611608809,0.11233571498334002,0.07762018786244469,0.7733781459740232,False
21,beta,17,14,1.3296527420422277,0.19827437679483245,0.4492214200808634,0.22553071914413533,0.12515304496450563,0.08016475073206482,0.8027148725641158,False
21,gamma,17,14,1.6333412365137197,0.11324255009690161,0.5670654305459233,0.3299851723320013,0.05342367255403679,0.037282521651459614,0.7733781459740232,False
22,delta,17,14,-0.6717124050635742,0.5129527700068692,-0.24659091229395713,0.10134233658450686,0.191119909461509,0.2741442363173984,0.8281356142478539,False
22,theta,17,14,-0.13596201158626145,0.8934964014595685,-0.04942290207073339,0.05201256549315851,0.12555233222587633,0.13030352301023482,0.9784348108695387,False
22,alpha,17,14,0.34177684266712055,0.7352333206774435,0.12082666174904018,0.06209870475141395,0.1040722553620371,0.09574873483213506,0.9254560790776497,False
22,beta,17,14,0.6253727664935828,0.5382863408336591,0.2118508625678338,0.08767372960004134,0.09088260273695996,0.0744580093135759,0.8281356142478539,False
22,gamma,17,14,-0.0448264809320809,0.9645545140751224,-0.015549922569027137,0.0501990102529031,0.029439124140099786,0.029618989839294518,0.9855584198477346,False
23,delta,17,14,-0.7643831183340103,0.4577909828222829,-0.28080502634560944,0.11697520392548677,0.18766683653236563,0.3082860967589946,0.8281356142478539,False
23,theta,17,14,-0.15799044306444718,0.8766018365845261,-0.057761611534707075,0.05275019336785196,0.12947888328072557,0.1360804176272667,0.9784348108695387,False
23,alpha,17,14,1.3348272081639327,0.1924514107111686,0.4621587522800337,0.2359638359913331,0.11152907952412347,0.08738012436866835,0.8027148725641158,False
23,beta,17,14,1.14603688991004,0.2650223195434188,0.3871740538315711,0.17950998600919096,0.12445470320284396,0.08604261232540804,0.818451280942911,False
23,gamma,17,14,1.0629115643898779,0.2974531574828587,0.3645755541756885,0.16446587747517366,0.054379301115809936,0.04382968636960862,0.8184733809152529,False
24,delta,17,14,-0.9883254235035253,0.3410294372826952,-0.36380383496657875,0.16396872144784486,0.36144467092454446,7.597687406680856,0.8184733809152529,False
24,theta,17,14,-0.9721220308065932,0.34872672844061936,-0.35783757565404617,0.16016232149580092,0.21932724068557677,2.379963865782464,0.8184733809152529,False
24,alpha,17,14,-0.8309178463308489,0.42081152106201913,-0.30563223521049665,0.12968310784644685,0.15896397232701573,0.40310402441539817,0.8281356142478539,False
24,beta,17,14,0.8504084564889548,0.4022044680071569,0.29404518164190696,0.12360894366510884,0.15146408454421098,0.12012212035119799,0.8281356142478539,False
24,gamma,17,14,1.553255781570787,0.1392697530739593,0.5196473990338705,0.28554467274750445,0.2478533202293469,0.07143549803472549,0.7733781459740232,False
25,delta,17,14,0.23405655859660238,0.8165986838022778,0.08113047799983794,0.05543423976571482,1.1085763159766433,0.9372495030831793,0.9562400944153068,False
25,theta,17,14,0.20641711759356532,0.8379614711904859,0.07252750639271113,0.05434008532915192,0.4621783858454239,0.41634060045038923,0.9633498665146097,False
25,alpha,17,14,0.9526628930962758,0.3501767988350464,0.3248094836612114,0.14028796445761588,0.23557650029164776,0.17857016202216705,0.8184733809152529,False
25,beta,17,14,0.4369470587057672,0.6670104386451492,0.14719445830340624,0.06801291451517777,0.10996684010559728,0.09794547954688244,0.877582340142555,False
25,gamma,17,14,0.8543716860844444,0.40000502669088855,0.2956980955877722,0.12446008664476076,0.04828894135361571,0.041807443081785765,0.8281356142478539,False
26,delta,17,14,0.04330106569917777,0.9658296528381226,0.015439274173891281,0.050196187803706396,0.3836519559343633,0.3766877883220367,0.9855584198477346,False
26,theta,17,14,0.7677948778880865,0.45015644114300557,0.2734216444834264,0.11341782567770475,0.2042244483412045,0.1695526260785351,0.8281356142478539,False
26,alpha,17,14,1.7389786350326835,0.09506673638435464,0.5920037488234298,0.35444527291850986,0.13458696822502123,0.09307316428633071,0.7733781459740232,False
26,beta,17,14,0.7046967584331308,0.4875831584339171,0.2405887439122324,0.09882295533972026,0.09169589412778094,0.07728574206572703,0.8281356142478539,False
26,gamma,17,14,1.2921511586455738,0.2065119400798192,0.4502666933598728,0.22636327846853896,0.06479670329518046,0.04832092619985253,0.8027148725641158,False
27,delta,17,14,-0.6555151585651847,0.5231232879072615,-0.24078016740872435,0.09890228202517415,0.2573750859886017,0.37098757927012876,0.8281356142478539,False
27,theta,17,14,-0.05443500014582665,0.9572675306189717,-0.01982708384249177,0.050323570921402466,0.1778599718720137,0.18044256456375246,0.9855584198477346,False
27,alpha,17,14,1.1510044708628313,0.26007629245579583,0.3947215107598533,0.18474223597918638,0.1387708129490111,0.11084067647538717,0.8111290309264919,False
27,beta,17,14,0.6633106038224756,0.5140157868761096,0.22494491151627993,0.09256700935493034,0.09036258134607114,0.07526157755326804,0.8281356142478539,False
27,gamma,17,14,0.44710300231635025,0.6583425366356854,0.1537565205040144,0.06967188784897341,0.036707112343901144,0.03436503750162794,0.8750122322373034,False
28,delta,17,14,-0.4516758086054665,0.6581940323654458,-0.16531501142513966,0.0727770668048294,0.3347506344185548,0.4111854893563808,0.8750122322373034,False
28,theta,17,14,0.10063903272569917,0.9211492897444218,0.03673571743709236,0.05111131097336642,0.20838662409393077,0.2028541540839419,0.9802771157753137,False
28,alpha,17,14,1.8004221106097555,0.08253415328878497,0.6214856600148826,0.38416657819857475,0.15855229574763646,0.1207377991866707,0.7733781459740232,False
28,beta,17,14,1.4332045775279807,0.16449630406431603,0.48887182664512846,0.2583687865587575,0.12145434455805482,0.08903458460484473,0.7733781459740232,False
28,gamma,17,14,2.882454246162683,0.009885023583054405,0.9681559639084644,0.7366066466654445,0.1107441708735104,0.04821294569482377,0.7201674970470867,False
29,delta,17,14,0.624907401223131,0.5395616730513697,0.2102518460547436,0.0870974735844106,2.44707196369671,1.3160365915714265,0.8281356142478539,False
29,theta,17,14,0.7288445303733905,0.4749258416441361,0.24545015358049782,0.10085840758919312,0.8203991398012552,0.48092601746204494,0.8281356142478539,False
29,alpha,17,14,1.4500201362113045,0.16327108196703377,0.4882889819152287,0.2578678855701127,0.30308528762987147,0.17823136823898764,0.7733781459740232,False
29,beta,17,14,1.212686689557517,0.23839791070117153,0.4107515322052167,0.1961958501962696,0.13411359577416346,0.10135308705088239,0.8027148725641158,False
29,gamma,17,14,1.710312837434937,0.10051982895142172,0.5817415415978071,0.34429804353887494,0.07672904706049961,0.053782903802285266,0.7733781459740232,False
30,delta,17,14,-1.5794016730219125,0.13825725844139525,-0.5813829810772503,0.3439455135998527,0.5374144982702563,34.96699860419266,0.7733781459740232,False
30,theta,17,14,-1.473373385039599,0.16444267028014514,-0.5423490277476336,0.30645680569906253,0.32663472945548444,9.884238636287405,0.7733781459740232,False
30,alpha,17,14,-1.2982707017255508,0.21667326435003695,-0.47780483515142413,0.24894844583503725,0.22606379625800307,1.5400669140682326,0.8027148725641158,False
30,beta,17,14,-0.98185416685666,0.33987044349789375,-0.3562531188533661,0.15916253590268092,0.16990625536626444,0.24917719702383864,0.8184733809152529,False
30,gamma,17,14,0.4486754619854555,0.6572959833093672,0.15845499902477905,0.07090589513334593,0.15559903985260815,0.1342404008140026,0.8750122322373034,False
31,delta,17,14,-0.5139095586377691,0.6124976914940741,-0.18402846158082653,0.07830334325064477,12.539969387543566,21.030498510264266,0.8749562550485162,False
31,theta,17,14,-0.3305056421107275,0.743627195175864,-0.11681181331239007,0.06130303870332957,4.9211002670471675,6.813607936641749,0.9254560790776497,False
31,alpha,17,14,-0.04325525667105569,0.9657947741690491,-0.01503618348224161,0.05018607619408778,1.1214212792078866,1.1644089489273564,0.9855584198477346,False
31,beta,17,14,0.7548201341922464,0.4565806008321547,0.26088820798920825,0.10761110306713784,0.2383482258032535,0.17897314279310825,0.8281356142478539,False
31,gamma,17,14,2.5020275256373568,0.02230673438263424,0.8398974765319941,0.613994356079976,0.2264215689531823,0.0774612304864213,0.7733781459740232,False
32,delta,17,14,-0.9620362791605083,0.3533726342999187,-0.3538944486257514,0.15768284967004315,0.3109690585645328,1.0254874358143893,0.8184733809152529,False
32,theta,17,14,-0.6772866573704942,0.5092425736328361,-0.24830753504868527,0.10207507366806139,0.18685977971299805,0.26491169740927206,0.8281356142478539,False
32,alpha,17,14,1.6945835878462976,0.1008709156010692,0.5902840233589769,0.35273718397932535,0.1413080465228755,0.10683448765369294,0.7733781459740232,False
32,beta,17,14,1.4855205609040296,0.15090225747868363,0.50514390237358,0.27256258171428643,0.11667392409143114,0.08295773363296746,0.7733781459740232,False
32,gamma,17,14,2.1343767920907997,0.04806615498799457,0.71409885267628,0.4813127560178773,0.14731365086761375,0.043500062830410316,0.7733781459740232,False
33,delta,17,14,-1.1567174525946482,0.2677896227055581,-0.42532796864503547,0.20700797794321793,0.27066142625167605,0.5563292639734813,0.8184733809152529,False
33,theta,17,14,-0.366704661178932,0.7189719540070317,-0.1339822310564694,0.06489954265722521,0.1921906377003568,0.2120205144277832,0.9132103448073186,False
33,alpha,17,14,2.039664908722214,0.050689549017290676,0.7064812297856463,0.4731957396319895,0.1579593863547865,0.11580163761648633,0.7733781459740232,False
33,beta,17,14,0.9833474471630056,0.33462064995524754,0.3365610509607225,0.1471262892474059,0.10701089745226307,0.0856398215970638,0.8184733809152529,False
33,gamma,17,14,1.9706925535306592,0.059666633971630356,0.674374577012493,0.43914930221950066,0.058068941024475074,0.03813353541245501,0.7733781459740232,False
34,delta,17,14,-0.86067110657516,0.4044905393121261,-0.3162299076098221,0.13545848414507308,0.2703630932982144,0.4407585603570636,0.8281356142478539,False
34,theta,17,14,-0.4831087965716219,0.6360793092257466,-0.1766059843960362,0.07603724364623843,0.1942171317173255,0.2246102738198745,0.8749562550485162,False
34,alpha,17,14,0.9710754628045052,0.3396905039504192,0.335846687250011,0.14670323284122377,0.16192082508119632,0.13726256605651213,0.8184733809152529,False
34,beta,17,14,0.6218088739097395,0.5400296670646849,0.21167941057239395,0.08761172011236072,0.10925007275367428,0.09392593075126306,0.8281356142478539,False
34,gamma,17,14,1.1977919691208114,0.24298147676647228,0.4075790089738599,0.19389250395743785,0.057765435737643714,0.04567942682839401,0.8027148725641158,False
35,delta,17,14,0.775699723113631,0.4461739811600436,0.2630641162315098,0.10859829145182699,0.7848876114081808,0.5316665640262016,0.8281356142478539,False
35,theta,17,14,1.0252654784464654,0.3162709698823698,0.3478577715630535,0.15394286576369698,0.35388103139662824,0.2460950873111317,0.8184733809152529,False
35,alpha,17,14,1.5391553728036511,0.1348510199581153,0.5319860950508567,0.2968239120241346,0.1790815634802955,0.1318057931287811,0.7733781459740232,False
35,beta,17,14,1.1218193817038704,0.27391182622644383,0.38062524295664046,0.17505403240417458,0.12268058549324153,0.09305112248573158,0.8184733809152529,False
35,gamma,17,14,2.091547519865183,0.05193100043370316,0.7003048723667015,0.4666226905261348,0.15481418864198182,0.0572790594552094,0.7733781459740232,False
36,delta,17,14,0.597601096827083,0.5549862629617532,0.20579132998291713,0.08551440277180683,0.5598335316358465,0.47429962639952755,0.8285339944689681,False
36,theta,17,14,1.1217880892782666,0.2713377488721308,0.3931546698853471,0.18364753212579565,0.30352942406478567,0.24796955006304314,0.8184733809152529,False
36,alpha,17,14,1.584723051597638,0.12493268717146694,0.5435903349881368,0.30762015755761263,0.17919993322584635,0.14009690866645827,0.7733781459740232,False
36,beta,17,14,0.6243386993235898,0.5382704027819081,0.21281092511653857,0.08802194083926841,0.11355806192177473,0.09971587184365345,0.8281356142478539,False
36,gamma,17,14,1.8031573396468632,0.08453732124614322,0.6127965920204739,0.3753251861322389,0.07826355334422697,0.051978417829549574,0.7733781459740232,False
37,delta,17,14,-0.7273013612963342,0.47915337444434347,-0.2668182092764014,0.11032212307703466,0.25182035454071316,0.3811751266750639,0.8281356142478539,False
37,theta,17,14,-0.11341784553398743,0.911050460219375,-0.04119997810586512,0.051398065333667566,0.16641747119295305,0.1723147986188557,0.9784348108695387,False
37,alpha,17,14,1.4649281590490184,0.15633007428875823,0.498280048958453,0.26652650865997174,0.1319669319845715,0.09680782112866058,0.7733781459740232,False
37,beta,17,14,1.1699570755656004,0.25483011827432245,0.3962556957803292,0.1858184265899656,0.10394776095921665,0.07536045672100737,0.8027148725641158,False
37,gamma,17,14,1.9824499144865675,0.06183260961941387,0.6679335090102854,0.4323657061575592,0.0931572486437709,0.04686348892182217,0.7733781459740232,False
38,delta,17,14,-0.7169048407734159,0.4855921413621139,-0.26329497671647495,0.10870354544954997,0.19958092939964672,0.29944372514422196,0.8281356142478539,False
38,theta,17,14,-0.11072567457825815,0.9132058234782361,-0.04030633551865815,0.05133802568447051,0.14048796816470202,0.14516737133530216,0.9784348108695387,False
38,alpha,17,14,1.0623839199393652,0.2977423376212493,0.36422969586014314,0.16424293297968767,0.10766566068710487,0.08678665649139937,0.8184733809152529,False
38,beta,17,14,0.6449876560255825,0.525519305411247,0.2188710942054015,0.0902584887422938,0.06903284225271754,0.05884750445157788,0.8281356142478539,False
38,gamma,17,14,1.2229721956381672,0.232792202739463,0.41771146956796934,0.20131163589253448,0.03085244207230075,0.025513224774734753,0.8027148725641158,False
39,delta,17,14,-0.6483630492650896,0.5270178891619719,-0.23745109808775738,0.09753228963541603,0.23368145377222435,0.3353478506155984,0.8281356142478539,False
39,theta,17,14,0.004159494115228908,0.9967328973183496,0.0015148442707422082,0.050001888439082404,0.14682926092898146,0.1466426756429101,0.9970476059181499,False
39,alpha,17,14,1.7611282754845756,0.08976668804363605,0.6042138655599116,0.36665710012732305,0.1059414097999711,0.0773656759484133,0.7733781459740232,False
39,beta,17,14,1.44001132787833,0.16292946762016505,0.4903757816511286,0.25966372455351616,0.09531920204796653,0.06892366656144651,0.7733781459740232,False
39,gamma,17,14,2.738016720490667,0.011431230111858518,0.9333082406963785,0.7052927438901068,0.07631944625211873,0.041425199086890574,0.7201674970470867,False
40,delta,17,14,-0.5462781979922064,0.592427677452319,-0.19891787021937396,0.08314515989042295,0.2977053674540998,0.3583906861105562,0.8639570296179652,False
40,theta,17,14,-0.0690940826978278,0.9457139887513999,-0.02506509650866906,0.05051717972979794,0.20870914076526115,0.2125239961392063,0.9855584198477346,False
40,alpha,17,14,1.055366513254032,0.30000735753722396,0.36624602419638497,0.16554579310777784,0.15922310833470504,0.133987200144642,0.8184733809152529,False
40,beta,17,14,1.4969787581190794,0.15095362305721594,0.5037872289522184,0.27136394622870025,0.14496692757121274,0.10704870096493982,0.7733781459740232,False
40,gamma,17,14,1.5154853819494918,0.14833882670115797,0.5072202237407032,0.2744023084620827,0.13646640662527995,0.0695647272922758,0.7733781459740232,False
41,delta,17,14,-0.8413454880694259,0.4148273288558485,-0.3091001630971289,0.1315498835747581,0.17626806781082804,0.2811664049638611,0.8281356142478539,False
41,theta,17,14,-0.397523660188244,0.6961056074469831,-0.14454463359396325,0.06736424558696431,0.12525249665420396,0.13900162913296735,0.89866092764672,False
41,alpha,17,14,0.6082355856673531,0.5477777181002299,0.21122277779395,0.08744682797975387,0.12404907441396253,0.10817214245380705,0.8281356142478539,False
41,beta,17,14,0.9543273391837199,0.35141717159948194,0.3219219778699155,0.13864720459843363,0.14593069694411026,0.10607696833040532,0.8184733809152529,False
41,gamma,17,14,-0.7821075804244064,0.4420095707936721,-0.27886534693696036,0.11603081901701567,0.046624263952419476,0.05449274907946978,0.8281356142478539,False
42,delta,17,14,-0.6467291289434682,0.5286844845964942,-0.2376251912245619,0.09760342924446337,0.23674577890759116,0.32952595986879135,0.8281356142478539,False
42,theta,17,14,-0.003756245666295122,0.9970476059181499,-0.0013647805605329793,0.05000153282496239,0.15806485234365525,0.15821157725092183,0.9970476059181499,False
42,alpha,17,14,0.2083598916417796,0.8367378522675406,0.07424803621263378,0.054549000391109104,0.1391645231625087,0.13164848150127742,0.9633498665146097,False
42,beta,17,14,0.4582765551290583,0.6505305563240342,0.1571044190037858,0.07054722498504425,0.12291189903593175,0.10863034381443339,0.8750122322373034,False
42,gamma,17,14,0.7612587088310993,0.4526491867455332,0.2650857538707547,0.10952335344492317,0.04789610825504353,0.04275771257282772,0.8281356142478539,False
43,delta,17,14,-0.5896597570028916,0.5647818297437113,-0.21616186443760832,0.08925039645280032,0.24052936006006143,0.3194451650292388,0.8352407341280237,False
43,theta,17,14,0.2831404606912219,0.7801200710922395,0.10213648012583036,0.0586284035465715,0.1740810169717234,0.16274883045909275,0.93757210707721,False
43,alpha,17,14,1.9340427243923635,0.06491474113568209,0.6592933762016538,0.42329824507326613,0.16340437859413362,0.11248961177485564,0.7733781459740232,False
43,beta,17,14,1.3694610462867112,0.1847770781391501,0.46420837068931736,0.2376421613606859,0.155286532910582,0.1095690576466762,0.8027148725641158,False
43,gamma,17,14,1.448640880794962,0.1611864021600205,0.49192457318701993,0.2610009144029257,0.0757007692555381,0.05571996269679507,0.7733781459740232,False
44,delta,17,14,-0.5530274793157817,0.5891739435858385,-0.20302608797113295,0.08455101702546265,0.3444375162282542,0.4535741523725868,0.8632083359513448,False
44,theta,17,14,0.1796495795665989,0.8596426908114084,0.06534625537169779,0.0535214755108958,0.23253957160644098,0.22213713996702605,0.9784348108695387,False
44,alpha,17,14,1.4831389903771048,0.1489289734419305,0.5138739788041516,0.28034042808878296,0.19636599874294314,0.1511783962549525,0.7733781459740232,False
44,beta,17,14,0.5910061712778208,0.5591050327790925,0.20526942785163563,0.08533152185623118,0.17563613399830263,0.1538243305557688,0.8307456854972365,False
44,gamma,17,14,2.069456598852053,0.05049746854083977,0.7016186663305427,0.46802014825758276,0.08320162040642942,0.0555210510467943,0.7733781459740232,False
45,delta,17,14,-0.564974665668608,0.5812324218605553,-0.20739800942333114,0.08608048684302312,0.30933523719158235,0.38780006922996096,0.8555523966639015,False
45,theta,17,14,0.11529592259355412,0.90958433208822,0.04188210137535916,0.05144478298398692,0.20275060659944466,0.19826382838760961,0.9784348108695387,False
45,alpha,17,14,0.49533712010363873,0.6242345117534134,0.1740441563356457,0.0752777881551879,0.16833888579923365,0.15218058545139984,0.8749562550485162,False
45,beta,17,14,-0.1597323817073348,0.8741992704196211,-0.05559149242872966,0.0525471164155461,0.15295278604425847,0.1590428785021351,0.9784348108695387,False
45,gamma,17,14,0.2367437264498538,0.8146213176069598,0.08340009467953674,0.05574357059861594,0.06449802999819834,0.06197755271045102,0.9562400944153068,False
46,delta,17,14,0.4678949700576132,0.6433855060093696,0.16358114708662339,0.07229632716846301,0.494617372898285,0.4003062558115201,0.8750122322373034,False
46,theta,17,14,1.000923821381441,0.3258581605421289,0.3436204273622222,0.15135813323490083,0.26229284287644233,0.1954549282256704,0.8184733809152529,False
46,alpha,17,14,0.8647114436172142,0.39434483425433486,0.29979493782442773,0.12659170540607118,0.16710970203442546,0.13794715882770997,0.8281356142478539,False
46,beta,17,14,-0.1484106162579436,0.8830712224516051,-0.05127878061463506,0.05216675071855934,0.1297353745459875,0.13471631062602563,0.9784348108695387,False
46,gamma,17,14,0.11333667936279884,0.9105508137504942,0.039621754106644674,0.05129292529974197,0.04416222040403485,0.043552444765692436,0.9784348108695387,False
47,delta,17,14,-0.6823327092403576,0.5065705316449775,-0.25066699299032574,0.10309106664342262,0.32518292698860557,0.441841506742026,0.8281356142478539,False
47,theta,17,14,-0.14985751742787817,0.8828435257082272,-0.0547029559677837,0.052466225491015255,0.20741452099843502,0.2150427378759776,0.9784348108695387,False
47,alpha,17,14,0.6175856298814748,0.5417186024045004,0.21604187346763568,0.08920605636296364,0.1757912068233518,0.15302571854085376,0.8281356142478539,False
47,beta,17,14,0.015591925363537205,0.9876682333351714,0.005397021187456812,0.050023970719849264,0.16591459295395924,0.1651833219871015,0.9970476059181499,False
47,gamma,17,14,0.3222613450908641,0.750084552931726,0.11480772658105817,0.06091617039959006,0.056806378822607535,0.05405725154402682,0.9254560790776497,False
48,delta,17,14,-0.5208995346666189,0.6108426803318328,-0.19132013917417,0.08062497125316412,0.36208435439393366,0.4655564222835792,0.8749562550485162,False
48,theta,17,14,0.26925352750473164,0.7911121229703496,0.0979357613416801,0.057930097615870396,0.2448766770086571,0.2292180249149298,0.9410332477521892,False
48,alpha,17,14,1.259450655318162,0.21973586051519217,0.4297258107170181,0.21034335049195618,0.23520520506848583,0.1705450541186618,0.8027148725641158,False
48,beta,17,14,0.5211248004613124,0.6067662648628179,0.1783129530616337,0.0765497279781556,0.24501369280909985,0.20547684894002596,0.8749562550485162,False
48,gamma,17,14,0.9811750450500936,0.33513713033418635,0.3457458201305984,0.15265042081713973,0.07783244006250711,0.06577412424147591,0.8184733809152529,False
49,delta,17,14,-0.8857602280876201,0.39177517710270715,-0.3259838842094768,0.14095975086195797,0.2262174529519617,0.5821550549140132,0.8281356142478539,False
49,theta,17,14,-0.7710464274130169,0.45437038641544847,-0.2837181412683213,0.11840670453455683,0.15036998337322613,0.2845351481336265,0.8281356142478539,False
49,alpha,17,14,-0.18734639265789843,0.8535229012247332,-0.06785515783513041,0.05379769284556202,0.1480810236624285,0.15928493433748314,0.9776716868574217,False
49,beta,17,14,0.4283401617375057,0.6718950729395519,0.14686719908804816,0.06793214201372486,0.1546526142448282,0.13482725851932142,0.877582340142555,False
49,gamma,17,14,1.4335503266810163,0.1626418883535001,0.49543336731855847,0.26404393303346463,0.05007066256660477,0.03750822609487599,0.7733781459740232,False
50,delta,17,14,-0.7681172833651008,0.45585077641762817,-0.2824152586236121,0.11776451442105189,0.22705317373615144,0.337039630596313,0.8281356142478539,False
50,theta,17,14,-0.37355484574174325,0.7139623420721943,-0.13646906920019997,0.0654624722943602,0.14741488561745775,0.16233934316528967,0.9132103448073186,False
50,alpha,17,14,-0.01022550826293155,0.991923182120714,-0.003631441571707226,0.05001085244241668,0.1309274659434913,0.1312719557759559,0.9970476059181499,False
50,beta,17,14,0.2082582009347358,0.8367039551822162,0.07118241218603509,0.05418020291033229,0.11992025333741076,0.1132542911353963,0.9633498665146097,False
50,gamma,17,14,-0.32732910301606183,0.7457856998592134,-0.11438856522181484,0.06083612216509759,0.04191328451195818,0.044319310940620485,0.9254560790776497,False
51,delta,17,14,-0.5106552745577806,0.617037482803164,-0.18657188409344672,0.07910238684246478,0.27305514863118674,0.35179355222219894,0.8749562550485162,False
51,theta,17,14,0.43029749365000136,0.6702153487649288,0.15073830517522852,0.06889952501477742,0.1980676128870107,0.1754085427623697,0.877582340142555,False
51,alpha,17,14,0.7700162423062175,0.44835583793806066,0.26345938743039377,0.10877856387795079,0.16632970186277243,0.13373161578902892,0.8281356142478539,False
51,beta,17,14,0.6500592443814609,0.5223821430919312,0.22044385995686083,0.09084982311531298,0.12047277937859135,0.09928312789607012,0.8281356142478539,False
51,gamma,17,14,0.8317538734282677,0.4157442302036938,0.2801926521940623,0.11667629600247108,0.06759509183942919,0.0485616421050672,0.8281356142478539,False
52,delta,17,14,-0.7496272230543042,0.46636973883681765,-0.2754173462551434,0.11436936522014762,0.18394757903211723,0.2992625023026895,0.8281356142478539,False
52,theta,17,14,-0.16469203430246723,0.8712491830059849,-0.05996305025136332,0.05296419858539783,0.1234390315703151,0.13035011701801788,0.9784348108695387,False
52,alpha,17,14,0.9467830851081233,0.35208607287284566,0.3256066101530302,0.14074365956489415,0.12443564548879123,0.09405397075492002,0.8184733809152529,False
52,beta,17,14,1.2494218021055834,0.2277305749561752,0.41931656933011047,0.2025035981371779,0.17198702570270896,0.0905400434897022,0.8027148725641158,False
52,gamma,17,14,0.4819184145022095,0.634156115843171,0.1643956586291558,0.07252150444287558,0.04200853621341661,0.03765837960551838,0.8749562550485162,False
53,delta,17,14,-0.6568660757776463,0.5216536547925805,-0.24051832988530944,0.0987937924079778,0.2833201917965363,0.4326853399374399,0.8281356142478539,False
53,theta,17,14,-0.30576184856458594,0.7638685097148854,-0.1115313047822967,0.060298443186079784,0.19381851766177477,0.2216523448780972,0.9254560790776497,False
53,alpha,17,14,1.2194494678677528,0.233036198881166,0.41981890428186186,0.20287756980652633,0.15799184951202155,0.12205231977092386,0.8027148725641158,False
53,beta,17,14,1.5502356379102984,0.13532252290178223,0.5257530384963531,0.2910996861498944,0.1375552944717203,0.09853765772141757,0.7733781459740232,False
53,gamma,17,14,1.8966269107632128,0.07517399165203412,0.6349937744688859,0.39803275008510874,0.11018178302957012,0.05146160647983489,0.7733781459740232,False
54,delta,17,14,-0.34207002076214854,0.7364065954392924,-0.12401561861972944,0.06275035162675349,0.24739862697888992,0.29223570999729614,0.9254560790776497,False
54,theta,17,14,0.377009048129695,0.7105012735171523,0.13629447135436124,0.06542260117821136,0.14831717671580918,0.13418812649500172,0.9132103448073186,False
54,alpha,17,14,1.6701286428090791,0.1065115430978514,0.5736962876837796,0.3364219504488124,0.11179971348244964,0.0821615469542897,0.7733781459740232,False
54,beta,17,14,1.1885566459988695,0.24571799457381485,0.40623069754254765,0.1929190292902025,0.1066392972030887,0.08165887444064586,0.8027148725641158,False
54,gamma,17,14,1.35266434359616,0.1928711355553096,0.45429921944815493,0.22959237222181653,0.09949222367103054,0.051963877526095006,0.8027148725641158,False
55,delta,17,14,-0.6122714325954388,0.5499884758311928,-0.2242637207481332,0.09230476096409777,0.22731178146651337,0.31403555147865253,0.8281356142478539,False
55,theta,17,14,0.2503348694846781,0.8044106326891369,0.08896301696430056,0.05653834464826253,0.1649121544458381,0.1537700104619721,0.9490237801388695,False
55,alpha,17,14,1.1689782652266618,0.25464728170645623,0.396887757686925,0.1862630382903034,0.13171827272931058,0.09785196466653345,0.8027148725641158,False
55,beta,17,14,1.0293113774572251,0.31699192317523206,0.3456312669970058,0.1525805554199274,0.10191758847748128,0.07078211088832762,0.8184733809152529,False
55,gamma,17,14,0.9174365744345565,0.37217160453140274,0.30684345429381266,0.1303325469982832,0.06562978269504904,0.037449738095513115,0.8281356142478539,False
56,delta,17,14,-0.6147826003851691,0.5482875945669302,-0.22507490398073657,0.09261715060896496,0.2560743849847119,0.36179732161837225,0.8281356142478539,False
56,theta,17,14,-0.13309264264615586,0.8957741893879284,-0.048449405738720884,0.05193397127284497,0.15635869213401166,0.16265921337248204,0.9784348108695387,False
56,alpha,17,14,1.2764685537062153,0.21287499827381987,0.4379393158804868,0.21666239178508545,0.11514086454807008,0.09206445296871608,0.8027148725641158,False
56,beta,17,14,0.782752921995822,0.4420280696194694,0.2655893577126985,0.10975497201440199,0.08711036851322367,0.07254183962296298,0.8281356142478539,False
56,gamma,17,14,1.6716660141647148,0.10721084946617787,0.5706817341265522,0.33348938780644505,0.05893046510312641,0.041316860092269,0.7733781459740232,False
57,delta,17,14,0.6598067373318213,0.5161136240121109,0.22394499934351023,0.09218234823358297,0.5556634881621096,0.4364818602789797,0.8281356142478539,False
57,theta,17,14,1.0103637769685694,0.32216776771490896,0.344803130473166,0.15207620574757238,0.2725877788771125,0.22154437556182466,0.8184733809152529,False
57,alpha,17,14,1.0631770508323617,0.3013663055410588,0.3575040671983531,0.1599514923682825,0.16740007708509258,0.12954824151881805,0.8184733809152529,False
57,beta,17,14,-0.07411897491817146,0.9415669637836004,-0.025172475769767774,0.05052162183589727,0.09746795214053111,0.09910660406487677,0.9855584198477346,False
57,gamma,17,14,0.14294395161349724,0.887484427403936,0.05074850377018314,0.052122112824352786,0.06244668822953732,0.06053157774684481,0.9784348108695387,False
58,delta,17,14,0.957880396086015,0.35008389176666965,0.3225681380961291,0.13901301636677363,0.6628100696014539,0.45289400885058634,0.8184733809152529,False
58,theta,17,14,1.2705052679137907,0.21658407741615238,0.43192261994971193,0.21202203457719365,0.2995821682722833,0.22440940716829205,0.8027148725641158,False
58,alpha,17,14,1.2916925927622658,0.20675537866560792,0.4476152602909831,0.22425500337727536,0.16517398429641195,0.13198259112394342,0.8027148725641158,False
58,beta,17,14,0.31900834345973,0.7522429324642865,0.10938004082272304,0.05990279251473592,0.10540096993930641,0.09860403537293021,0.9254560790776497,False
58,gamma,17,14,1.666613253813365,0.10890571314493025,0.5671243784326221,0.3300421716953486,0.0943844396361831,0.06120393844071735,0.7733781459740232,False
59,delta,17,14,-1.048028330762389,0.3136315833462167,-0.3856858256307257,0.1784904946877027,3.1986739144573377,49.6573382122639,0.8184733809152529,False
59,theta,17,14,-1.0724539884296866,0.3029341308751587,-0.3946779469766163,0.18471173925523346,1.109838594911285,14.719481703579858,0.8184733809152529,False
59,alpha,17,14,-1.0835039247858977,0.2980391167329728,-0.3985835130029811,0.18745944606153986,0.38657927550381777,2.1195962893539155,0.8184733809152529,False
59,beta,17,14,-0.3055619862938815,0.7629454816163593,-0.10963803133832344,0.05994982543452943,0.19647449819042637,0.2250722559627863,0.9254560790776497,False
59,gamma,17,14,1.7875764690365832,0.08627706248189046,0.6097583231153517,0.3722490824938611,0.14439197467719642,0.08404261457974906,0.7733781459740232,False
60,delta,17,14,-0.17242603460356765,0.8650946780320433,-0.06250677613714727,0.05322151645207853,0.33596154862179073,0.3533762173116365,0.9784348108695387,False
60,theta,17,14,0.9797428733387513,0.33784306302046785,0.35056102600292116,0.15560927594861662,0.2124061045909043,0.17833087895065586,0.8184733809152529,False
60,alpha,17,14,2.275286138794091,0.030465192919322266,0.7911180896295485,0.5632519401519057,0.1603750380765915,0.11230487298972172,0.7733781459740232,False
60,beta,17,14,1.7111075679833616,0.09892779337220078,0.5863790955005899,0.3488699824948526,0.12546496037927987,0.0882254891805422,0.7733781459740232,False
60,gamma,17,14,2.621826681810644,0.017594597150770663,0.879197001925117,0.6535424452431018,0.11581053678749502,0.04612661657415298,0.7733781459740232,False
61,delta,17,14,-0.756025950783629,0.46275472418046604,-0.27788849199605936,0.1155578644522463,0.2970789752474786,0.44283905651790484,0.8281356142478539,False
61,theta,17,14,-0.07833295552932519,0.9385755884260123,-0.02858294140886968,0.05067260083477795,0.21415140534338695,0.21841970752481568,0.9855584198477346,False
61,alpha,17,14,1.7524685351182463,0.0922595129946504,0.5977736179668149,0.36019782268606854,0.1770734068900918,0.1346354071652403,0.7733781459740232,False
61,beta,17,14,1.2577036309460299,0.2212134063869145,0.42734814191857057,0.20853591363502805,0.12143671665499861,0.09154834906057954,0.8027148725641158,False
61,gamma,17,14,2.982358593663635,0.007244249913034219,1.0075594956553395,0.7698445809488071,0.0680947255918816,0.04196828789676717,0.7201674970470867,False
62,delta,17,14,0.4849775068230273,0.631347200028979,0.16927588135158708,0.07389512188017948,0.5390924335506248,0.45006112582726804,0.8749562550485162,False
62,theta,17,14,0.896080567338814,0.37808014044139693,0.30814194926487887,0.13103183039399594,0.3190918402630416,0.25587932885694975,0.8281356142478539,False
62,alpha,17,14,1.0863292331943541,0.28717541534201796,0.3725536119566915,0.16966988342646824,0.2169548298806285,0.1789547686313974,0.8184733809152529,False
62,beta,17,14,0.812910538307202,0.4243039422721304,0.2769236724264966,0.1150924811198554,0.16839795992875883,0.14051295083417087,0.8281356142478539,False
62,gamma,17,14,1.295407348008519,0.2067488937237394,0.44327612883415457,0.220830414552174,0.0919397983114817,0.06794212814445914,0.8027148725641158,False
